{
  "evaluation_id": "INTELLIGENCE_EVAL_20251003_090139",
  "evaluation_date": "2025-10-03T09:01:39.885706",
  "dimension_scores": {
    "cognitive": {
      "attention_quality": 79.96714153011233,
      "memory_efficiency": 78.89388559063052,
      "pattern_recognition": 89.53381976670485,
      "concept_formation": 91.70726870767223,
      "overall_score": 85.02552889877998
    },
    "learning": {
      "learning_speed": 84.05919940275754,
      "generalization": 82.54911140331603,
      "transfer_learning": 72.21496893941176,
      "meta_learning": 68.11592841346872,
      "overall_score": 76.73480203973851
    },
    "adaptation": {
      "environmental_adaptation": 77.74569697920889,
      "task_switching": 90.84721592240638,
      "robustness": 93.47684017186059,
      "resilience": 68.16067406993125,
      "overall_score": 82.55760678585177
    },
    "creative": {
      "novelty_generation": 77.26374772849562,
      "divergent_thinking": 75.12386041707181,
      "convergent_thinking": 80.83883566785765,
      "insight_formation": 72.75269004457913,
      "overall_score": 76.49478346450105
    },
    "reasoning": {
      "logical_reasoning": 91.92437919935259,
      "causal_reasoning": 94.3871744426434,
      "analogical_reasoning": 88.57520211200949,
      "abductive_reasoning": 70.80694478523193,
      "overall_score": 86.42342513480935
    }
  },
  "emergence_scores": {
    "nonlinear_emergence": 88.60796209693544,
    "self_organization": 95.83543814769388,
    "chaos_edge": 94.62103983109017,
    "thermodynamic_optimization": 89.48288260863167,
    "information_integration": 86.78105206829034,
    "overall_score": 91.06567495052829
  },
  "overall_intelligence_index": 90.49590287674935,
  "detailed_analysis": {
    "intelligence_level": "超智能 (Super Intelligence)",
    "strengths": [
      "cognitive能力优秀 (分数: 85.0)",
      "adaptation能力优秀 (分数: 82.6)",
      "reasoning能力优秀 (分数: 86.4)",
      "nonlinear_emergence表现突出 (分数: 88.6)",
      "self_organization表现突出 (分数: 95.8)",
      "chaos_edge表现突出 (分数: 94.6)",
      "thermodynamic_optimization表现突出 (分数: 89.5)",
      "information_integration表现突出 (分数: 86.8)"
    ],
    "weaknesses": [],
    "recommendations": [
      "EIT-P已达到超智能水平，建议投入生产使用"
    ],
    "comparison_with_baseline": {
      "baseline_intelligence": 65,
      "eitp_intelligence": 90.49590287674935,
      "improvement_percentage": 39.22446596422978,
      "superiority_level": "显著优越"
    }
  }
}