{
  "summary": {
    "total_benchmarks": 5,
    "timestamp": "2025-10-07 18:32:09",
    "framework": "Enhanced CEP-EIT-P",
    "version": "2.0.0",
    "inference_performance": {
      "max_throughput": 77061.33547683297,
      "best_configuration": "Small (batch 64)"
    },
    "consciousness_performance": {
      "average_constraint_satisfaction": 0.0
    },
    "scalability_performance": {
      "max_consciousness_level": 2
    }
  },
  "detailed_results": {
    "inference_speed": {
      "Small": {
        "1": {
          "avg_time": 0.0006862163543701171,
          "std_time": 3.7908524087378195e-05,
          "throughput": 1457.2663470224447,
          "consciousness_level": 2
        },
        "8": {
          "avg_time": 0.0005311012268066406,
          "std_time": 0.00029489703276819307,
          "throughput": 15063.041838750225,
          "consciousness_level": 2
        },
        "16": {
          "avg_time": 0.0006166934967041015,
          "std_time": 0.00021640478900681893,
          "throughput": 25944.817134462228,
          "consciousness_level": 2
        },
        "32": {
          "avg_time": 0.0006915569305419922,
          "std_time": 0.00011570634188089426,
          "throughput": 46272.401572088536,
          "consciousness_level": 2
        },
        "64": {
          "avg_time": 0.0008305072784423828,
          "std_time": 0.0002409517941241945,
          "throughput": 77061.33547683297,
          "consciousness_level": 2
        }
      },
      "Medium": {
        "1": {
          "avg_time": 0.0003092765808105469,
          "std_time": 4.012164633938229e-05,
          "throughput": 3233.3518347209374,
          "consciousness_level": 2
        },
        "8": {
          "avg_time": 0.0003977298736572266,
          "std_time": 3.2127432119943376e-05,
          "throughput": 20114.154178156095,
          "consciousness_level": 2
        },
        "16": {
          "avg_time": 0.0004840373992919922,
          "std_time": 2.8696486462627638e-05,
          "throughput": 33055.29701507241,
          "consciousness_level": 2
        },
        "32": {
          "avg_time": 0.0006506919860839843,
          "std_time": 1.2399966704863817e-05,
          "throughput": 49178.41418730764,
          "consciousness_level": 2
        },
        "64": {
          "avg_time": 0.0009886264801025391,
          "std_time": 4.454246131056389e-05,
          "throughput": 64736.279361404515,
          "consciousness_level": 2
        }
      },
      "Large": {
        "1": {
          "avg_time": 0.00036878585815429686,
          "std_time": 0.00010826927632091804,
          "throughput": 2711.6007240755107,
          "consciousness_level": 2
        },
        "8": {
          "avg_time": 0.0005831241607666016,
          "std_time": 2.185319256951803e-05,
          "throughput": 13719.205168043176,
          "consciousness_level": 2
        },
        "16": {
          "avg_time": 0.000836181640625,
          "std_time": 3.907865976071776e-05,
          "throughput": 19134.598540145987,
          "consciousness_level": 2
        },
        "32": {
          "avg_time": 0.0013947486877441406,
          "std_time": 0.00024864289430479014,
          "throughput": 22943.201367521368,
          "consciousness_level": 2
        },
        "64": {
          "avg_time": 0.002002382278442383,
          "std_time": 0.00018175038451493424,
          "throughput": 31961.92889291072,
          "consciousness_level": 2
        }
      }
    },
    "memory_usage": {
      "Small": {
        "model_size": 0.0,
        "batch_memory": {
          "1": 0.0,
          "8": 0.0,
          "16": 0.0,
          "32": 0.0,
          "64": 0.0
        },
        "total_params": 567434
      },
      "Medium": {
        "model_size": 2.75,
        "batch_memory": {
          "1": 0.0,
          "8": 0.0,
          "16": 0.0,
          "32": 0.0,
          "64": 0.0
        },
        "total_params": 1317396
      },
      "Large": {
        "model_size": 20.0,
        "batch_memory": {
          "1": 0.0,
          "8": 0.0,
          "16": 0.0,
          "32": 0.0,
          "64": 0.0
        },
        "total_params": 5271602
      }
    },
    "consciousness_accuracy": {
      "Low": {
        "expected_level": 1,
        "actual_level": 2.0,
        "std_level": 0.0,
        "constraint_rate": 0.0,
        "fractal_dimension": 2.5,
        "complexity_coefficient": 0.7
      },
      "Medium": {
        "expected_level": 2,
        "actual_level": 2.0,
        "std_level": 0.0,
        "constraint_rate": 0.0,
        "fractal_dimension": 2.7,
        "complexity_coefficient": 0.8
      },
      "High": {
        "expected_level": 3,
        "actual_level": 2.0,
        "std_level": 0.0,
        "constraint_rate": 0.0,
        "fractal_dimension": 2.9,
        "complexity_coefficient": 0.9
      },
      "Maximum": {
        "expected_level": 4,
        "actual_level": 2.0,
        "std_level": 0.0,
        "constraint_rate": 0.0,
        "fractal_dimension": 3.0,
        "complexity_coefficient": 1.0
      }
    },
    "energy_efficiency": {
      "0.1": {
        "1": {
          "total_energy": -2.965256072677294e+17,
          "mass_energy": -2.965256072677294e+17,
          "field_energy": 8.975148753096166e-20,
          "entropy_energy": -6.659356594085693,
          "iem_energy": 0.31635910272598267,
          "efficiency": 1.0
        },
        "8": {
          "total_energy": -8.51083246132265e+16,
          "mass_energy": -8.51083246132265e+16,
          "field_energy": 1.51987380672018e-19,
          "entropy_energy": -6.659532070159912,
          "iem_energy": 0.8188955783843994,
          "efficiency": 1.0
        },
        "16": {
          "total_energy": 2.913517694038835e+16,
          "mass_energy": 2.913517694038835e+16,
          "field_energy": 1.428672491295263e-19,
          "entropy_energy": -6.659390449523926,
          "iem_energy": 0.36273452639579773,
          "efficiency": 1.0
        },
        "32": {
          "total_energy": 3.1690764085886976e+16,
          "mass_energy": 3.1690764085886976e+16,
          "field_energy": 1.510862449428239e-19,
          "entropy_energy": -6.659355163574219,
          "iem_energy": 0.6174670457839966,
          "efficiency": 1.0
        },
        "64": {
          "total_energy": -2.865883500249088e+16,
          "mass_energy": -2.865883500249088e+16,
          "field_energy": 1.4451978797234533e-19,
          "entropy_energy": -6.659423351287842,
          "iem_energy": 0.49926623702049255,
          "efficiency": 1.0
        }
      },
      "0.3": {
        "1": {
          "total_energy": 1.0540874351782134e+18,
          "mass_energy": 1.0540874351782134e+18,
          "field_energy": 4.477446454676166e-19,
          "entropy_energy": -6.616757392883301,
          "iem_energy": 0.12832887470722198,
          "efficiency": 1.0
        },
        "8": {
          "total_energy": -4.118264782300119e+17,
          "mass_energy": -4.118264782300119e+17,
          "field_energy": 2.5296747020217194e-19,
          "entropy_energy": -6.61985969543457,
          "iem_energy": 0.30019012093544006,
          "efficiency": 1.0
        },
        "16": {
          "total_energy": 3.477295888953508e+17,
          "mass_energy": 3.477295888953508e+17,
          "field_energy": 3.245152586161645e-19,
          "entropy_energy": -6.6204071044921875,
          "iem_energy": 0.758195698261261,
          "efficiency": 1.0
        },
        "32": {
          "total_energy": -2.7330320013459456e+17,
          "mass_energy": -2.7330320013459456e+17,
          "field_energy": 2.7877279112744147e-19,
          "entropy_energy": -6.619574069976807,
          "iem_energy": 0.5718054175376892,
          "efficiency": 1.0
        },
        "64": {
          "total_energy": -1.2051685104523674e+17,
          "mass_energy": -1.2051685104523674e+17,
          "field_energy": 2.8981937461778088e-19,