{
  "summary": {
    "total_benchmarks": 5,
    "timestamp": "2025-10-07 17:45:19",
    "framework": "Enhanced CEP-EIT-P",
    "version": "2.0.0",
    "inference_performance": {
      "max_throughput": 41585.66320681642,
      "best_configuration": "Small (batch 64)"
    },
    "consciousness_performance": {
      "average_constraint_satisfaction": 0.0
    },
    "scalability_performance": {
      "max_consciousness_level": 2
    }
  },
  "detailed_results": {
    "inference_speed": {
      "Small": {
        "1": {
          "avg_time": 0.0006335258483886718,
          "std_time": 4.703035971501484e-05,
          "throughput": 1578.4675598374229,
          "consciousness_level": 2
        },
        "8": {
          "avg_time": 0.001063060760498047,
          "std_time": 0.0002710528555242002,
          "throughput": 7525.440028707275,
          "consciousness_level": 2
        },
        "16": {
          "avg_time": 0.0011487007141113281,
          "std_time": 0.00024103186822355658,
          "throughput": 13928.780406807804,
          "consciousness_level": 2
        },
        "32": {
          "avg_time": 0.0011880874633789062,
          "std_time": 0.00016616070713347062,
          "throughput": 26934.043987799007,
          "consciousness_level": 2
        },
        "64": {
          "avg_time": 0.001538991928100586,
          "std_time": 0.00025203832324632104,
          "throughput": 41585.66320681642,
          "consciousness_level": 2
        }
      },
      "Medium": {
        "1": {
          "avg_time": 0.0008464813232421875,
          "std_time": 4.844548193944992e-05,
          "throughput": 1181.3609734114466,
          "consciousness_level": 2
        },
        "8": {
          "avg_time": 0.001016521453857422,
          "std_time": 3.9886395075630445e-05,
          "throughput": 7869.97654564218,
          "consciousness_level": 2
        },
        "16": {
          "avg_time": 0.0011014461517333985,
          "std_time": 3.1432358955111044e-05,
          "throughput": 14526.356985150871,
          "consciousness_level": 2
        },
        "32": {
          "avg_time": 0.0013640880584716796,
          "std_time": 1.498407186158602e-05,
          "throughput": 23458.89607438739,
          "consciousness_level": 2
        },
        "64": {
          "avg_time": 0.0016856670379638671,
          "std_time": 6.648662774354757e-05,
          "throughput": 37967.16585103675,
          "consciousness_level": 2
        }
      },
      "Large": {
        "1": {
          "avg_time": 0.00034723281860351565,
          "std_time": 0.00010196787740538105,
          "throughput": 2879.912112057127,
          "consciousness_level": 2
        },
        "8": {
          "avg_time": 0.0005795001983642578,
          "std_time": 2.146593570535038e-05,
          "throughput": 13804.999588578952,
          "consciousness_level": 2
        },
        "16": {
          "avg_time": 0.0008038043975830078,
          "std_time": 2.9321259294902928e-05,
          "throughput": 19905.340214747583,
          "consciousness_level": 2
        },
        "32": {
          "avg_time": 0.0012493133544921875,
          "std_time": 9.371421284271626e-05,
          "throughput": 25614.070229007633,
          "consciousness_level": 2
        },
        "64": {
          "avg_time": 0.0020206928253173827,
          "std_time": 0.00010107514891651396,
          "throughput": 31672.305259928737,
          "consciousness_level": 2
        }
      }
    },
    "memory_usage": {
      "Small": {
        "model_size": 0.0,
        "batch_memory": {
          "1": 0.0,
          "8": 0.0,
          "16": 0.0,
          "32": 0.0,
          "64": 0.0
        },
        "total_params": 567434
      },
      "Medium": {
        "model_size": 4.25,
        "batch_memory": {
          "1": 0.0,
          "8": 0.0,
          "16": 0.0,
          "32": 0.0,
          "64": 0.0
        },
        "total_params": 1317396
      },
      "Large": {
        "model_size": 20.0,
        "batch_memory": {
          "1": 0.0,
          "8": 0.0,
          "16": 0.0,
          "32": 0.0,
          "64": 0.0
        },
        "total_params": 5271602
      }
    },
    "consciousness_accuracy": {
      "Low": {
        "expected_level": 1,
        "actual_level": 2.0,
        "std_level": 0.0,
        "constraint_rate": 0.0,
        "fractal_dimension": 2.5,
        "complexity_coefficient": 0.7
      },
      "Medium": {
        "expected_level": 2,
        "actual_level": 2.0,
        "std_level": 0.0,
        "constraint_rate": 0.0,
        "fractal_dimension": 2.7,
        "complexity_coefficient": 0.8
      },
      "High": {
        "expected_level": 3,
        "actual_level": 2.0,
        "std_level": 0.0,
        "constraint_rate": 0.0,
        "fractal_dimension": 2.9,
        "complexity_coefficient": 0.9
      },
      "Maximum": {
        "expected_level": 4,
        "actual_level": 2.0,
        "std_level": 0.0,
        "constraint_rate": 0.0,
        "fractal_dimension": 3.0,
        "complexity_coefficient": 1.0
      }
    },
    "energy_efficiency": {
      "0.1": {
        "1": {
          "total_energy": 6.69049561326551e+16,
          "mass_energy": 6.69049561326551e+16,
          "field_energy": 1.008378080024463e-19,
          "entropy_energy": -6.6594696044921875,
          "iem_energy": 1.622478723526001,
          "efficiency": 1.0
        },
        "8": {
          "total_energy": 8.325572482983526e+16,
          "mass_energy": 8.325572482983526e+16,
          "field_energy": 6.891467219143165e-20,
          "entropy_energy": -6.659286975860596,
          "iem_energy": 0.5590044856071472,
          "efficiency": 1.0
        },
        "16": {
          "total_energy": 1.0247584950832333e+17,
          "mass_energy": 1.0247584950832333e+17,
          "field_energy": 5.990564134496349e-20,
          "entropy_energy": -6.659490585327148,
          "iem_energy": 0.44379252195358276,
          "efficiency": 1.0
        },
        "32": {
          "total_energy": -3.048813888326861e+16,
          "mass_energy": -3.048813888326861e+16,
          "field_energy": 7.381072838773888e-20,
          "entropy_energy": -6.587423324584961,
          "iem_energy": 0.3804665207862854,
          "efficiency": 1.0
        },
        "64": {
          "total_energy": -6163462753353728.0,
          "mass_energy": -6163462753353728.0,
          "field_energy": 7.263221573470102e-20,
          "entropy_energy": -6.659420967102051,
          "iem_energy": 0.5938554406166077,
          "efficiency": 1.0
        }
      },
      "0.3": {
        "1": {
          "total_energy": 5.998589782177874e+17,
          "mass_energy": 5.998589782177874e+17,
          "field_energy": 3.527013862901206e-19,
          "entropy_energy": -6.619178295135498,
          "iem_energy": 0.05312636122107506,
          "efficiency": 1.0
        },
        "8": {
          "total_energy": 2.692404359504855e+17,
          "mass_energy": 2.692404359504855e+17,
          "field_energy": 3.786895399801585e-19,
          "entropy_energy": -6.619973659515381,
          "iem_energy": 0.26000815629959106,
          "efficiency": 1.0
        },
        "16": {
          "total_energy": -1.5453369640419328e+17,
          "mass_energy": -1.5453369640419328e+17,
          "field_energy": 3.6130928623828885e-19,
          "entropy_energy": -6.6202168464660645,
          "iem_energy": 0.584551215171814,
          "efficiency": 1.0
        },
        "32": {
          "total_energy": 1.5920955857987174e+17,
          "mass_energy": 1.5920955857987174e+17,
          "field_energy": 3.899734467581182e-19,
          "entropy_energy": -6.61991024017334,
          "iem_energy": 0.6918898820877075,
          "efficiency": 1.0
        },
        "64": {
          "total_energy": 1.0611362667849318e+17,
          "mass_energy": 1.0611362667849318e+17,
          "field_energy": 3.7599582631537957e-19,